{"val_acc":0.8911666666666667,"val_loss":0.4121527506073247,"_timestamp":1.764673525589336e+09,"train_acc":0.9401111111111111,"_runtime":171,"_step":19,"epoch":20,"train_loss":0.2704302193955725,"_wandb":{"runtime":171}}