{"val_acc":0.8928333333333334,"_timestamp":1.7646179639222116e+09,"_step":19,"train_acc":0.9442222222222222,"train_loss":0.17468718514554935,"epoch":20,"val_loss":0.34194521299275354,"_runtime":310,"_wandb":{"runtime":310}}