{"_step":19,"train_loss":3.3080087102262343,"_timestamp":1.7646241085215507e+09,"epoch":20,"val_loss":3.218039438761295,"val_acc":0.5211666666666667,"_wandb":{"runtime":340},"train_acc":0.5131851851851852,"_runtime":340}