{"_runtime":123,"final_test_acc":0.8917,"_timestamp":1.764619920171385e+09,"train_acc":0.9295,"val_loss":0.3303511725210653,"val_acc":0.8895,"epoch":15,"_wandb":{"runtime":123},"train_loss":0.21769846002721005,"_step":15,"final_test_loss":0.3144489759717157}