{"train_loss":3.463869085551348,"val_acc":0.4106666666666667,"_wandb":{"runtime":203},"train_acc":0.41483333333333333,"val_loss":3.3309628638130104,"_timestamp":1.7646270805074816e+09,"_runtime":203,"epoch":20,"_step":19}