{"train_loss":0.29746341045060404,"train_acc":0.9451111111111111,"val_acc":0.8956666666666667,"_step":19,"_timestamp":1.7646732889051573e+09,"_wandb":{"runtime":317},"_runtime":317,"epoch":20,"val_loss":0.5019405102489045}