{"_wandb":{"runtime":73},"train_loss":2.3794091084683027,"epoch":15,"_runtime":73,"_timestamp":1.764622808089738e+09,"_step":15,"train_acc":0.1223888888888889,"final_test_loss":2.3747982789620488,"final_test_acc":0.1225,"val_loss":2.374392362189266,"val_acc":0.12116666666666667}