{"val_loss":0.3261890282975404,"epoch":20,"_timestamp":1.764628154774947e+09,"val_acc":0.8965,"train_acc":0.9426111111111111,"_step":19,"train_loss":0.18249068005537766,"_wandb":{"runtime":219},"_runtime":219}