{"_runtime":289,"train_acc":0.9217962962962963,"val_loss":0.5693800482803417,"val_acc":0.8868333333333334,"_timestamp":1.76467415687193e+09,"_step":19,"_wandb":{"runtime":289},"epoch":20,"train_loss":0.4400557437754105}