{"val_acc":0.09783333333333333,"_step":1,"train_loss":2.3052830502975037,"train_acc":0.10024074074074074,"val_loss":2.3062838799130385,"_wandb":{"runtime":88},"epoch":2,"_timestamp":1.7646275515876222e+09,"_runtime":88}