{"val_acc":0.07483333333333334,"train_acc":0.07514814814814814,"final_test_acc":0.073,"_timestamp":1.7646211555436044e+09,"final_test_loss":2.4710548981042493,"_wandb":{"runtime":42},"_step":15,"train_loss":2.4700105975113456,"epoch":15,"val_loss":2.474746425249247,"_runtime":42}