{"val_loss":24.821867302475706,"_wandb":{"runtime":73},"_step":1,"_runtime":73,"val_acc":0.10166666666666667,"_timestamp":1.7646277107696047e+09,"epoch":2,"train_loss":24.873035860097804,"train_acc":0.09981481481481481}