{"_step":15,"val_acc":0.18383333333333332,"final_test_acc":0.189,"_runtime":98,"val_loss":2.3428928009318044,"epoch":15,"train_loss":2.342786291420361,"final_test_loss":2.3429263019576063,"_wandb":{"runtime":98},"train_acc":0.18975925925925927,"_timestamp":1.764623014842898e+09}