{"_runtime":195,"epoch":20,"val_acc":0.8906666666666667,"val_loss":0.352252891931891,"_timestamp":1.764672515253642e+09,"train_acc":0.9513333333333334,"train_loss":0.12891537207445722,"_wandb":{"runtime":195},"_step":19}