{"train_acc":0.9297037037037037,"val_loss":0.6132462629402669,"train_loss":0.3996860267446813,"val_acc":0.8956666666666667,"_runtime":294,"epoch":20,"_timestamp":1.7646745091609714e+09,"_step":19,"_wandb":{"runtime":294}}