{"val_loss":1.5743205045873352,"val_acc":0.596,"epoch":20,"train_acc":0.6013703703703703,"train_loss":1.5739716646355144,"_step":19,"_runtime":225,"_wandb":{"runtime":225},"_timestamp":1.764623482941991e+09}