{"_timestamp":1.7646212123888652e+09,"train_acc":0.1615185185185185,"val_loss":2.314049570502945,"_runtime":49,"final_test_loss":2.3192033980189146,"epoch":15,"train_loss":2.3199270137615957,"_step":15,"val_acc":0.16466666666666666,"final_test_acc":0.1628,"_wandb":{"runtime":49}}