{"val_acc":0.09383333333333334,"_step":15,"_timestamp":1.764621641881316e+09,"epoch":15,"_wandb":{"runtime":77},"val_loss":2.6580782764732676,"train_loss":2.6822948470236954,"train_acc":0.09598148148148149,"_runtime":77,"final_test_acc":0.0967,"final_test_loss":2.682588002075997}