{"_wandb":{"runtime":200},"train_loss":0.3066031050293805,"_runtime":200,"epoch":20,"val_acc":0.89,"_step":19,"train_acc":0.9400555555555555,"_timestamp":1.764672940766207e+09,"val_loss":0.5201016965360444}