{"val_acc":0.8831666666666667,"_wandb":{"runtime":217},"train_loss":0.487843829395486,"_timestamp":1.764673814450785e+09,"_step":19,"epoch":20,"train_acc":0.9084444444444445,"val_loss":0.5926105162754203,"_runtime":217}