{"_step":19,"_timestamp":1.7646244976411543e+09,"train_loss":3.346422379745284,"val_acc":0.508,"_wandb":{"runtime":198},"epoch":20,"_runtime":198,"train_acc":0.5020925925925926,"val_loss":3.265072187173728}