{"_timestamp":1.764623118416236e+09,"_wandb":{"runtime":123},"_runtime":123,"epoch":2,"train_loss":2.408811839668139,"val_loss":2.411813301602601,"train_acc":0.13548148148148148,"_step":1,"val_acc":0.12816666666666668}