{"_runtime":119,"_step":15,"val_loss":24.64687083540815,"epoch":15,"_wandb":{"runtime":119},"val_acc":0.108,"final_test_acc":0.1,"_timestamp":1.7646231447470431e+09,"train_acc":0.09911111111111111,"final_test_loss":24.86791518674099,"train_loss":24.892479911993707}